text,translation,tags
Continue active game,게임 계속하기,[ALIGNMENT:CENTER]
Start new game in existing world,기존 세계에서 새 게임 시작,[ALIGNMENT:CENTER]
Create new world,새 세계 생성,[ALIGNMENT:CENTER]
Object testing arena,오브젝트 테스트 아레나,[ALIGNMENT:CENTER]
Mods,모드,[ALIGNMENT:CENTER]
Settings,설정,[ALIGNMENT:CENTER]
About DF,DF 정보,[ALIGNMENT:CENTER]
Quit,종료,[ALIGNMENT:CENTER]
Welcome to Dwarf Fortress,드워프 포트리스에 오신 것을 환영합니다,[ALIGNMENT:CENTER]
Quit without saving,저장하지 않고 종료,[ALIGNMENT:CENTER]
Save and return to title menu,저장하고 타이틀 메뉴로 돌아가기,[ALIGNMENT:CENTER]
Abandon the fortress to ruin,이 요새를 버리기(폐허가 됨),[ALIGNMENT:CENTER]
Save and continue playing,저장하고 계속 플레이,[ALIGNMENT:CENTER]
Return to game,게임으로 돌아가기,[ALIGNMENT:CENTER]
Retire the fortress (for the time being),요새를 은퇴시키기(잠시),[ALIGNMENT:CENTER]
Dwarf Fortress,드워프 포트리스,[ALIGNMENT:CENTER]
Recent thoughts,최근 생각,
Memories,기억,
"Prepare to guide your stout charges to fortune in a world fraught with many perils. You'll begin by creating your world and watching the region's history unfold. Once this process is complete, you can prepare a group and send them out to seek wealth deep in the mountains. As you dig deeper and more citizens take up residence in your outpost, your doings will attract attention, both wanted and unwanted. Deal with challenges as they arise, and you might one day find that your humble settlement has grown to become a Mountainhome, the center of your civilization.",위험이 도사리는 세계에서 용감한 드워프들을 이끌어 운명을 향해 나아갈 준비를 하세요。먼저 세계를 생성하고 그 지역의 역사가 전개되는 모습을 지켜보게 됩니다。이 과정이 끝나면 무리를 꾸려 산맥 깊숙한 곳으로 보내 부를 찾아 나서게 할 수 있습니다。더 깊이 파고 더 많은 주민이 당신의 전초기지에 정착할수록 당신의 행동은 여러 이들의 관심을 끌게 됩니다，원하든 원치 않든。갑작스러운 도전에 맞서다 보면，언젠가 소박한 정착지가 마운틴홈으로 성장해，문명의 중심이 된 것을 발견하게 될지도 모릅니다。,
"Set tree chopping ",나무 베기 작업을 설정합니다。,
orders.,,
"Set plant gathering ",식물 채집 작업을 설정합니다。,
"Set wall smoothing, ",벽 다듬기，각인，궤도 새기기,
"engraving, track ",및 사격구 새기기 명령을 설정합니다。,
"carving, and ",,
fortification orders.,,
"Hotkey: ",단축키：,
"Remove mining, ",채굴，벌목，식물 채집 및,
"woodcutting, plant ",다듬기 명령을 취소합니다。,
"gathering, and ",,
smoothing orders.,,
"Place structures and ",건설 자재가 필요한 구조물과,
"work areas that require ",작업 구역을 배치합니다。,
construction materials.,,
"Place stockpiles for ",물품 보관을 위한 저장고를 배치합니다。,
item storage.,,
"Place zones to ",집회 구역，,
"establish meeting ",방목지와 기타 기능을 설정하기 위한 구역을 배치합니다。,
"areas, pastures, and ",,
more.,,
"Establish burrows to ",더 큰 요새에서 작업과,
"organize work and ",생활 공간을 정리하기 위해 활동 구역을 설정합니다。,
"living spaces in larger ",,
fortresses.,,
"Set hauling routes for ",마인카트 운송 경로를 설정합니다。,
minecarts.,,
"Set high and low ",높음、낮음 우선순위 통행 구역을 설정합니다。,
traffic areas.,,
"Designate items for ",물품을 버리거나 녹이도록 지정하고，사용 금지된,
"dumping and melting, ",물품과 건물을 다시 사용 가능하게 하며，또한 설정,
"claim forbidden items ",물품 가시성。,
"and buildings, and set ",,
item visibility.,,
"Link a stockpile to ",,
"this stop.  Citizens ",,
"will haul items to and ",,
"from the minecart as ",,
"you specify.  Items for ",,
"the minecart must be ",이 정류장을 비축장에 연결합니다。,
"specified using the ",주민은 당신의 설정에 따라 광차에,
"desired items button to ",물품을 싣고 내립니다。광차에 실 물품은 또한,
the left.,왼쪽의 원하는 물품 버튼에서 추가로 설정해야 합니다。,
"Most tasks in the ",요새의 대부분 작업은 작업장에서,
"fortress are started ",에서 시작하고 완료됩니다。작업에는 보통 원,
"and completed at ",재료가 필요합니다。대부분의 작업장은 바위、,
"workshops.  Tasks ",블록 또는 목재로 지어집니다。,
"generally require raw ",,
"materials and most ",,
"workshops are ",,
"constructed from ",,
"boulders, blocks, or ",,
"Open the nobles and ",귀족 및 관리 메뉴를 엽니다。,
administrators menu.,,
"Open the work orders ",작업 지시 메뉴를 엽니다。,
menu.,,
"Open the place ",장소 정보 메뉴를 엽니다。,
information menu.,,
"Open the task ",작업 정보 메뉴를 엽니다。,
"Open the citizen ",주민 정보 메뉴를 엽니다,
Open the labor menu.,노동 메뉴를 엽니다。,
Open the objects menu.,물체 메뉴를 엽니다。,
Open the justice menu.,사법 메뉴를 엽니다。,
Open the squad sidebar.,부대 사이드바를 엽니다。,
Open the world screen.,세계 화면을 엽니다。,
Set digging orders.,채굴 명령을 설정합니다。,
"Dig a regular hallway ",일반 통로나 방을 팝니다。만약,
"or room.  Assign a ",광부가 없다면，노동 메뉴에서 한,
"miner to the work ",명의 광부를 지정할 수 있습니다。광부는 일을 시작하려면 곡괭이가 필요,
"detail if necessary.  ",합니다。,
"The miner requires a ",,
pick.,,
"Dig a stairwell on this ",이 높이에서 위나 아래로 향하는,
"level, going up or ",계단 통로를 팝니다。선택은 여러,
"down.  Your selection ",높이를 가로질러야 합니다。한 칸을 클릭하고、높이를 바,
"must span multiple ",꾸고、다시 클릭합니다。,
"elevations.  Click on a ",,
"tile, change ",,
"elevations, and click ",,
again.,,
"Dig a ramp on this ",이 높이에서 위로 향하는 경사로를 팝니다。,
"level, going up.",,
"Dig a channel, making a ","수로를 파서, 한 층 아래에",
ramp on the level below.,경사로를 만듭니다。,
"Designate constructed ",건설된 벽、바닥 및 기타 타일을,
"walls, floors, and ",광부가 제거하도록 지정합니다。,
"other constructed tiles ",또한 계단 통로와 경사로도 지정합니다。,
"to be removed by ",,
"miners.  This also ",,
"designates all ",,
stairwells and ramps.,,
"Left click to choose ",왼쪽 클릭으로 사각형의 한 모서리를 선택합니다。,
corners of a rectangle.,,
"Hold left button to ",왼쪽 버튼을 누른 채로 그립니다。,
draw.,,
"Dig only ore and gems ",　　선택한 광석과 보석만 채굴하고，,
"selected, and automine ",새로 드러난 같은 종류의 광석과,
"any ore and gems of the ",보석도 자동으로 채굴합니다。,
"same type which are ",,
uncovered.,,
"Dig only ore and gems ",선택한 광석과 보석만 채굴합니다。,
selected,,
"Selected tiles are very ",,
high priority.,선택한 구역은 최고 우선순위로 설정됩니다。,
low priority.,선택한 구역은 최저 우선순위로 설정됩니다。,
"Selected tiles are high ",선택한 구역은 높은 우선순위로 설정됩니다。,
"Selected tiles are low ",선택한 구역은 낮은 우선순위로 설정됩니다。,
priority.,,
"Selected tiles are ",,
high-medium priority.,선택한 구역은 중상 우선순위로 설정됩니다。,
"medium priority. ",선택한 구역은 중간 우선순위로 설정됩니다。,
medium-low priority.,선택한 구역은 중하 우선순위로 설정됩니다。,
[DEFAULT],　　　　[기본 설정],
"Change to ",블루프린트 전용 모드로 전환합니다。,
blueprint-only mode.,,
"Change to standard dig ",표준 굴착 모드로 전환합니다。,
mode.,,
"Change blueprints to ",블루프린트를 표준 선택 모드로 전환합니다。,
standard selections.,,
"Change standard ",표준 선택을,
"selections to ",블루프린트 모드로 전환합니다。,
blueprints.,,
"Finish setting dig ",굴착 설정 마치기,
"Finish setting tree ",나무 벌목 지시 마치기,
chopping orders.,,
"orders.  Select the ",나무의 밑동을 선택해 벌목꾼이,
"base of the tree so ",도달할 수 있게 하세요。벌목꾼이 없다면,
"that the woodcutter can ",작업 목록에서 벌목꾼을 한 명 지정하여,
"reach it.  Assign a ",이 일을 수행하게 하세요。,
"woodcutter to the work ",벌목꾼은 일을 시작하려면 도끼 한 자루가 필요,
"The woodcutter requires ",,
an axe.,,
"Finish setting plant ",식물 채집 지시 설정을 완료합니다.,
gathering orders.,,
"Finish setting wall ",벽 지시 설정을 완료합니다.,
"Smooth a rough wall to ",거친 벽면을 매끄럽게 다듬어 주민들이,
"make it more pleasing ",더 만족하게 합니다. 또한 벽면의 조각이나 보강을,
"to your citizens.  This ",위한 준비도 합니다.,
"also prepares the wall ",,
"for engraving or ",,
fortification.,,
"Engrave artwork into a ",매끄러운 벽면에 예술 작품을 새깁니다.,
smooth wall.,,
"Carve a track in a ",석제 바닥에 궤도를 새겨,
"stone floor.  Tracks ",경로가 설정된 광차가 사용하도록 합니다.,
"are used by minecarts ",,
"with routes set in the ",,
hauling menu.,,
"Carve a gap in a smooth ",매끄러운 벽면에 틈을 내어,
"wall to allow your ",궁수가 적에게 화살을 쏠 수 있게 합니다.,
"archers to fire upon ",,
invaders.,,
"Finish removing mining ",채굴 등 지시 제거를 완료합니다.,
etc. orders.,,
"Finish placing ",,
structures.,구조물 배치를 완료합니다.,
"These workshops are ",이 작업장들은 염색과 직조를 하거나,
"used in the ",무두질한 가죽을 사용하는 의복 제작,
"clothesmaking process, ",과정에 사용됩니다.,
"whether dyeing and ",,
"weaving or using tanned ",,
hides.,,
"Use leather tanned at ",여기에서는 무두질 작업장에서 무두질한 가죽을 사용해,
"the tanner's shop here ",의복과 도구(예:가방과 물주머니)를 만듭니다.,
"to make clothing and ",,
"tools, such as bags and ",,
waterskins.,,
"Here you can turn ","여기에서는 실을 천으로 만들 수 있으며, 농부 작업장에서",
"thread into cloth, ",온 실이든 지하에서 수집한,
"whether it is thread ",거미 비단이든 상관없습니다.,
"from the farmer's ",,
"workshop or spider silk ",,
gathered underground.,,
"Make cloth into ",여기에서 천을 의복과 도구(예:,
"clothing and tools ",가방과 밧줄)로 만듭니다.,
"here, such as bags and ",,
ropes.,,
"Use dyes here to color ",여기에서 염료를 사용해 실과 천을 염색합니다.,
"thread and cloth.  ",건설에는 통과 양동이가 필요합니다.,
"Requires a barrel and ",,
bucket for construction.,,
"A wide variety of ",이 범주에는 음식과 음료와 관련된 다양한,
"food-and-drink-related ",작업장이 있습니다.,
"workshops can be found ",,
in this category.,,
"Plant crops at the ",농경지에 작물을 재배합니다. 씨앗 또는,
"farmplot.  You will ","포자가 필요하며, 계절에 맞는 작물을 선택해야 합니다.",
"need seeds or spawn and ",작물은 포타시로 비료를 줄 수 있습니다. 지하 깊은 곳의,
"must select crops by ",토양이 더 비옥합니다.,
"season.  Crops can be ",,
"fertilized with potash. ",,
"Soil is richer deeper ",,
underground.,,
"Brew alcohol from ","식물, 과일 또는 꿀로 알코올 음료를",
"plants, fruit, or honey.",양조합니다.,
"Slaughter livestock ","여기서 가축을 도축해 고기, 가죽,",
"here in order to obtain ",뼈와 기타 동물 부산물을 얻습니다.,
"meat, hides, bones, and ",,
other animal products.,,
"Make leather from ",여기서 동물 원피를 가공해 가죽을 만듭니다. 또한,
"animal hides here.  You ",석회유와 원피로 양피지를 만들 수도 있습니다.,
"can also make parchment ",,
"using milk of lime and ",,
a hide.,,
"Process raw fish into ",여기서 생선을 가공해 먹을 수 있는 음식으로 만듭니다.,
"edible food here.  Raw ",가공되지 않은 생선은 먹지 않습니다.,
fish will not be eaten.,,
"Cook meals here.  You ",여기서 요리를 합니다. 또한 지방을,
"can also render fat ",녹여 탈로로 만들 수도 있습니다.,
into tallow.,,
"Process plants and work ","여기서 식물을 가공하고 가축을 돌봅니다. 젖을 짜고,",
"with livestock here.  ","털을 깎고 치즈를 만들며, 털뭉치를",
"Milk and shear animals, ",실로 잣습니다.,
"make cheese, and spin ",,
thread.,,
"Make sugar, flour, and ","여기서 설탕, 밀가루와 다양한 유용한",
"various useful slurries ",반죽을 만듭니다. 동력 맷돌에 비해 작업,
"here.  Tasks are ",완료 속도가 매우 느립니다.,
"completed very slowly ",,
"compared to the powered ",,
millstone.,,
"Capture and train small ",여기서 작은 동물을 포획하고 훈련합니다. 동물,
"animals here.  Requires ",덫이 필요합니다.,
animal traps.,,
"When placed, a female ","설치하면 사용할 수 있는 암컷 새가 있을 경우,",
"bird will claim the box ",그 새가 상자를 차지하고 알을 낳기 시작합니다.,
"and start laying eggs, ",,
if one is available.,,
"Keep a colony of ",벌통에서 곤충 군락을 기릅니다. 벌통을 설치한 뒤에는,
"insects at your hives.  ","야생 군락을 채집해야 하며, 또는 기존",
"A wild colony must be ",벌통의 군락에서 분봉할 수 있습니다.,
"collected after the ",,
"hive is placed, or a ",,
"colony can be split ",,
"from an existing hive ",,
colony.,,
"Furnaces are used for ","용광로는 제련, 유리 제작, 도자기",
"smelting, glassmaking, ","제작, 재 만들기, 또는 목재나 원탄에서 연료를",
"pottery, ashmaking, or ","만드는 데 사용됩니다. 용광로를 작동하려면 연료가 필요하며,",
"to make fuel from wood ",일부는 마그마 위에 설치해 연료를,
"or raw coal.  Furnaces ",대신할 수 있습니다.,
"require fuel to ",,
"function, or they can ",,
be set above magma.,,
"Bake clay objects here, ",여기서 점토 물품과 그 밖의 몇 가지,
"as well as a few other ","유용한 재료를 굽습니다. 점토 수집 구역이 있다면,",
"useful materials.  Clay ",여기서 점토도 수집할 수 있습니다.,
"can also be collected ",,
"here if you have a clay ",,
"collection zone.  All ",,
"tasks require fuel ",점토 수집을 제외한 모든 작업에는,
"aside from clay ",연료가 필요합니다.,
collection.,,
"You can make a variety ",세 가지 서로 다른 유리 종류를 사용해,
"of objects using three ",다양한 물품을 만들 수 있습니다. 모래 수집,
"different types of ","구역이 있다면, 여기서 작업을 시작해 자루에",
"glass.  You can also ",모래를 담아 수집할 수도 있습니다.,
"collect sand in bags ",,
"from a task originating ",,
"here, if you have a ",,
"sand collection zone.  ",,
"Glassmaking requires ",유리 제작에는 연료가 필요합니다.,
fuel.,,
"Magma below the furnace ",용광로 아래의 마그마가 작업에 동력을,
"will power tasks.  You ",제공합니다. 용광로를 마그마 위에,
"are responsible for ","설치해야 하며, 그 외의 연료는 필요하지 않습니다.",
"placing the furnace ",,
"above the magma, but no ",,
other fuel is required.,,
"collection zone.  Magma ",가마 아래의 마그마가 작업에 동력을,
"below the kiln will ",제공합니다. 가마를 마그마 위에,
"power tasks.  You are ","설치해야 하며, 그 외의 연료는 필요하지 않습니다.",
"responsible for placing ",,
"the kiln above the ",,
"magma, but no other ",,
fuel is required.,,
"Magma below the smelter ",제련로 아래의 마그마가 작업에 동력을,
"placing the smelter ",,
"Make metal bars from ",여기서 광석을 금속 주괴로 만듭니다. 또한,
"ore here.  Can also ",석탄을 정제해 사용할 수 있는 연료로 만들거나 합금을 만들 수 있습니다.,
"refine coal into usable ",모든 작업에는 연료가 필요합니다.,
"fuel or make alloys.  ",,
All tasks require fuel.,,
"Make charcoal and ash ",여기서 목재로 목탄과 재를 만듭니다。,
"from wood here.  Does ",연료가 필요 없습니다。,
not require fuel.,,
"Used to make lye, ",잿물、포타시、석회유를 만드는 데 사용됩니다。,
"potash, and milk of ",건설에는 블록 1개、통 1개와,
"lime.  Construction ",양동이 1개가 필요합니다。,
"requires blocks, ",,
"barrel, and a bucket.",,
"Make crossbows here ",여기서 목재 또는 뼈로 석궁을 만듭니다。,
"from wood or bone.  The ",금속세공 대장간에서는 금속 석궁과,
"metalsmith's forge can ",금속 볼트를 만들 수 있으며，수공예 작업장은,
"be used for metal ",다른 볼트를 만드는 데 사용됩니다。,
"crossbows and metal ",,
"bolts, and the crafts ",,
"workshop is used to ",,
make other bolts.,,
"Make beds and various ",여기서 침대와 각종 가구를 만들며，보관,
"furniture here, as well ",함、통 등도 만들 수 있습니다。,
"as bins, barrels, and ",,
"Make crafts for trade ",여기서 무역용과 자신의 주민,
"and your own citizens ",이 사용할 공예품을 만들며，각종 도구、,
"here, as well as a ",갑옷과 볼트도 만듭니다。,
"variety of tools, ",,
"armor, and bolts.",,
"Cut rough gems here to ",여기서 거친 보석을 절단하여 가치를 높이고，,
"increase their value, ",또한 절단한 보석을 박아넣어,
"and improve the value ",다른 물건의 가치를 높일 수 있습니다。,
"of other objects by ",,
"encrusting them with ",,
cut gems.,,
"Forge weapons and armor ",여기서 무기와 갑옷을 단조하고，대부분의,
"here, as well as most ",다른 금속 제품（가구부터 함정,
"other metal objects ",부품까지）도 만들 수 있습니다。,
"from furniture to trap ",,
"components.  Magma ",대장간 아래의 마그마가 작업에 동,
"below the forge will ",력을 제공합니다。대장간을 마그마 위에 배치해야 합니다。,
"the forge above the ",,
"Make mechanisms here ",여기서 레버、압력판,
"which are used to make ",및 기어를 만드는 데 쓰이는 메커니즘을 만듭니다。또한 메커니즘을 사용해,
"levers, pressure ",레버와 압력판을 다른,
"plates, and gears.  You ",기계와 연결할 수도 있습니다。,
"can also use mechanisms ",,
"to link levers and ",,
"pressure plates to ",,
other machinery.,,
"components.  These ",,
tasks require fuel.,이러한 작업에는 연료가 필요합니다。,
"A useful workshop for ",유용한 작업장으로，여러 가지 원,
"pressing liquids from ",다양한 원료에서 액체를 압착합니다. 일부 식물은,
"various sources. Some ",먼저 제분해야 사용할 수 있습니다. 액체 제품을 보관하려면 빈 항아리가,
"plants might need to be ",필요합니다.,
"milled first before ",,
"they can be used.  ",,
"Empty jugs are required ",,
"to store the liquid ",,
products.,,
"Here you can make parts ",여기서 발리스타와 투석기의,
"for ballistae and ",부품을 만들 수 있습니다. 이 작업장은 발리스타 탄약을 조립하는 곳이기도,
"catapults.  This ",합니다.,
"workshop is also the ",,
"place where ballista ",,
ammo is assembled.,,
"Use tallow (rendered ",여기서 수지(정제한 지방) 또는,
"fat) or oil here with ",기름을 잿물과 함께 사용해 비누를 만듭니다.,
lye to make soap.,,
"Make stone furniture ",여기서 석재 가구와 건축에 쓰이는,
"here, as well as blocks ",블록을 제작합니다.,
"which are used in ",,
constructions.,,
"Use options in this ",이 분류의 옵션을 사용해 이미 작업장에서,
"category to place ",제작된 가구를 배치합니다.,
"furniture that has ",,
"already been ",,
"constructed in a ",,
workshop.,,
"Your citizens need a ",주민들에게는 편안하게 잠잘 수 있는,
"comfortable place to ",장소가 필요합니다. 침대는 목수 작업장에서 제작을,
"sleep.  A bed object ",마친 뒤에야 배치할 수 있습니다.,
"must be made at the ",,
"carpenter's shop before ",,
it can be placed.,,
"Chairs are required for ","의자는 사무실 운영에 필수이며,",
"offices to function, ",탁자 옆에 의자를 두는 것이 선호되는 식사 배치입니다.,
"and a chair next to a ",의자/왕좌는 먼저 제작해야 배치할,
"table is the preferred ",수 있습니다.,
"dining arrangement.  A ",,
"chair/throne object ",,
"must be made before it ",,
can be placed.,,
"Tables are required for ",탁자는 식사에 필수입니다. 탁자,
"dining.  A chair should ",옆에는 의자를 배치해야 합니다. 탁자는 먼저 제작해야,
"be placed adjacent to ",배치할 수 있습니다.,
"the table.  A table ",,
"object must be made ",,
before it can be placed.,,
"Chests and coffers are ",상자와 궤짝은 개인 침실에서,
"used in personal ",의복이 아닌 물품을 보관하는 데 사용됩니다. 또한 일부 구역 기반,
"bedrooms for storing ","장소(예: 술집, 병원, 그리고",
"non-clothing objects.  ",도서관）에는 유용한 재료를 보관합니다。상자류,
"They are also used in ",,
"some zone-based ",,
"locations like taverns, ",,
"hospitals, and ",,
"libraries for storing ",,
"useful materials.  A ",,
"box object must be made ",,
"Cabinets are used in ",옷장은 개인 침실에서 의복 물품을 보관하는 데 사용됩니다。,
"personal bedrooms for ",옷장 물품은 배치하기 전에 먼저 제작해야 합니다。,
"storing clothing ",,
"objects.  A cabinet ",,
"The dead are buried in ","사망자는 관에 안장됩니다。관은 반드시 ",
"coffins.  Coffins must ","전용 무덤 구역에 배치되어야만 ",
"be placed in their own ","효과가 있습니다。관 물품은 먼저 제작해야 ",
"tomb zone in order to ",배치할 수 있습니다。,
"work.  A coffin object ",,
"Citizens that cannot be ","제대로 안장되지 못한 주민도 석판에 새겨 ",
"buried properly can ","추모할 수 있습니다。석판은 석공 작업장에서 제작하고 ",
"still be memorialized ",새깁니다。,
"on slabs.  Slabs are ",,
"created and engraved at ",,
the stoneworker's shop.,,
"Statues can be used to ","조각상은 요새를 장식하고 ",
"decorate your fortress ","방의 가치를 높일 수 있습니다。조각상 물품은 ",
"and add value to your ",먼저 알맞은 작업장에서 제작해야 합니다。,
"rooms.  A statue object ",,
"must be made at an ",,
"appropriate workshop ",,
first.,,
"Certain injuries such ","일부 부상（예: 중첩 골절）은 ",
"as overlapping ",견인대 같은 고급 의료 장치로 치료해야 합니다。,
"fractures require ",견인대 물품은 배치하기 전에 먼저 제작해야 합니다。,
"advanced medical ",,
"contraptions like the ",,
"traction bench for ",,
"treatment.  A traction ",,
"bench object must be ",,
"made before it can be ",,
placed.,,
"Codices and scrolls in ","도서관에 있는 코덱스와 두루마리는 ",
"your library can be ","책장에 보관할 수 있습니다。책장 물품은 먼저 제작해야 ",
"stored in bookcases.  A ",배치할 수 있습니다。,
"bookcase object must be ",,
"Your most valuable ","가장 귀중한 물품은 방에 ",
"objects can be placed ","전시해 가치를 높이고 지나가는 ",
"for display in rooms to ","주민들에게 감상거리를 제공합니다。받침대나 진열장은 먼저 제작해야 ",
"increase their value ",배치할 수 있습니다。,
"and to entertain ",,
"passing citizens.  A ",,
"pedestal or display ",,
"case must be made ",,
"These ornamental ",이 장식용 물품은 배치된 방의,
"objects increase the ",가치를 높입니다. 봉헌 장소에 놓을 물품은 먼저,
"value of rooms in which ",제작해야 배치할 수 있습니다.,
"they are placed.  An ",,
"offering place object ",,
"Large instruments must ",대형 악기는 주점이나 사원에 배치해야,
"be placed in taverns or ",사용됩니다. 이 악기들은 먼저,
"temples before they ",작업장에서 조립해야 합니다.,
"will be used.  These ",,
"instruments must be ",,
"assembled at a workshop ",,
"Place doors and hatches ",해당 작업장에서 문과 해치를 만든,
"here after you have ","뒤, 여기에 배치하십시오.",
"constructed them in an ",,
appropriate workshop.,,
"Doors can be used along ","문은 벽과 함께 사용하여 방을 둘러쌀 수 있으며,",
"with walls to enclose ",여러 구역을 동시에 배치할 때 특히,
"rooms, which is ",중요합니다. 문은 금지하거나 레버에,
"especially important ",연결하여 요새 내 통행을 제어할 수도 있습니다.,
"when placing multiple ",,
"zones at once.  Doors ",,
"can also be forbidden ",,
"or attached to levers ",,
"to control movement in ",,
the fort.,,
"Hatches can be placed ",,
"at the tops of ",해치는 계단 통로의 맨 위나 경사로,
"stairwells or above ","위에 설치할 수 있으며, 금지하거나 레버에",
"ramps to control ",,
"movement in the fort ",,
"when they are forbidden ",,
or attached to levers.,,
"Most terrain-altering ",,
"constructions can be ",지형을 바꾸는 대부분의 건설물은,
"found here, from walls ","여기에서 찾을 수 있으며, 벽, 바닥부터",
"and floors to bridges, ",,
"ramps, stairs, and more.",,
"More complicated ",,
"buildings from wells to ","더 복잡한 건설물도 여기에서 찾을 수 있으며, 우물부터",
"powered machine ",,
"components to levers ",,
"and floodgates are ",,
found here.,,
"Cages, ropes, and ",,
"animal traps are found ","새장, 밧줄, 동물 함정은 여기에서 찾을 수 있습니다.",
"here.  Cages can be ",새장은 새장 함정에 쓰거나 대형,
"used in cage traps or ",동물을 운반할 수 있습니다. 금속 새장과 사슬은 사법,
"to transport large ",,
"animals.  Metal cages ",,
"and chains are also ",,
"used by the justice ",,
system.,,
"Various mechanical ",여기에는 다양한 기계 함정이 있습니다。,
"traps can be found ",압력판도 여기 있으며，쓰임새는 함정에만,
"here.  The pressure ",국한되지 않습니다。,
"plate is also found ",,
"here, which has ",,
"applications beyond ",,
traps.,,
"Archery targets, siege ",궁술 표적、공성 무기와 일부 장식용 전시,
"weapons, and some ",물품은 이 분류에서 찾을 수 있습니다。,
"ornamental display ",,
"items can be found in ",,
this category.,,
wood.,,
"Pressure plates, like ",압력판은 레버와 비슷하며，기계、,
"levers, are used with ",문、수문、다리、우리 및 기타,
"machines, doors, ",구조물과 함께 사용해 상태를 바꿉니다。,
"floodgates, bridges, ",압력판의 트리거는 생물 무게、,
"cages, and other ",유체 또는 광차 통과로 설정할 수 있습니다。,
"structures to change ",,
"are used with ",,
"their state.  The ",,
"trigger for pressure ",,
"plates can be set by ",,
"creature weight, fluid, ",,
or minecart passage.,,
"Stone-fall traps drop a ",낙석 함정은 침입자에게 바위를 떨어뜨립니다。,
"stone on intruders.  ",돌덩이를 장전해야 합니다。,
"Must be loaded with ",,
boulders.,,
"Weapon traps use a ",무기 함정은 무기나 함정 부품을 사용해,
"weapon or trap ",침입자를 공격합니다。원거리 무기와 함께 사용,
"component to strike ",하고 탄약을 장전할 수 있습니다。한 번에 여러,
"intruders.  Can be used ",무기를 사용할 수 있습니다。,
"with ranged weapons and ",,
"loaded with ammo.  Can ",,
"use multiple weapons at ",,
once.,,
"Cage traps capture ",우리 함정은 침입자를 우리에 가둡니다。,
"intruders in cages.  ",우리 하나를 장전해야 합니다。,
"Must be loaded with a ",,
cage.,,
"Upright weapons are a ",직립 가시는 침입자가 떨어질 때 위험한,
"nasty place for ",곳입니다。레버나 압력판에 연결할 수도 있으며，,
"intruders to fall upon. ",올려서 침입자를 찌를 수 있습니다。,
"Can also be linked to ",,
"levers or pressure ",,
"plates to raise them ",,
into intruders.,,
"Archery targets are ",양궁 과녁은 사격장 구역에서 궁수를 훈련하는 데 사용됩니다.,
"used in archery range ",,
"zones for training ",,
archers.,,
"Ornamental.  Demanded ",장식품입니다. 일부 귀족이 요구합니다.,
by some nobles.,,
"A ballista fires a ",발리스타는 고정된 방향으로 발리스타용 대형 화살을 발사합니다.,
"ballista arrow in a ",조작자는 원뿔형 범위 내에서,
"fixed direction.  The ",자유롭게 조준을 조절할 수 있습니다.,
"operator can adjust the ",,
"aim freely within a ",,
cone.,,
"A catapult fires a ",투석기는 고정된 방향으로 바위 덩이를 발사합니다.,
"boulder in a fixed ",조작자는 원뿔형 범위 내에서,
"direction.  The ",자유롭게 조준을 조절할 수 있습니다.,
"A bolt thrower fires a ",볼트 투척기는 일반 석궁,
"regular bolts rapidly.  ",볼트를 빠르게 발사합니다. 조작자는 인접한 사용 가능한,
"The operator swivels ",어떤 타일에서든 기계를 회전시킵니다.,
"the machine from any ",,
"available adjacent ",,
tiles.,,
"Start painting a new ",새 비축장을 그리기 시작합니다. 타일을 선택하면,
"stockpile.  Once the ",그러면 세부 사항을 설정할 수 있습니다.,
"tiles are chosen, ",,
"you'll be able to set ",,
the details.,,
"Erase a portion of this ",이 비축장의 일부를 지웁니다.,
stockpile.,,
"Remove the stockpile ",그리는 중인 비축장을 영구적으로 제거합니다. 또한,
"being painted ",기존 구역도 함께 제거합니다!,
"permanently.  Also ",,
stockpiles.,비축장 배치를 마칩니다.,
removes existing zones!,,
Finish placing zones.,구역 배치를 마칩니다.,
"Finish establishing ",활동 구역 지정을 마칩니다.,
burrows.,,
"Finish setting hauling ",운반 경로 설정을 마칩니다.,
routes.,,
"Finish setting traffic ",통행 구역 설정을 마칩니다.,
areas.,,
"Set a high traffic ",고통행 구역을 설정합니다. 넓은,
"area.  Use this in wide ",중앙의 주요 통로에서는 이 설정을 사용하세요.,
central passages.,,
"Set a normal traffic ",일반 통행 구역을 설정합니다. 기본,
"area, the default state.",상태입니다.,
"Set a low traffic area. ",저통행 구역을 설정합니다. 주민들은 더 나은 경로를,
"Citizens will look for ",찾습니다.,
better routes.,,
"Set a restricted ",제한통행구역을설정합니다。시민들은최선을다해,
"traffic area.  Citizens ",더나은경로를찾습니다。다른경로가,
"will look hard for ",없거나너무길면，여전히이,
"better routes.  They ",구역을이용합니다。,
"will still use the area ",,
"if other routes do not ",,
exist or are too long.,,
"Finish setting ",물품/건물지정설정을끝냅니다。,
"item/building ",,
designations.,,
"Claim a forbidden item ",금지된물품이나건물을회수하여，,
"or building so it will ",시민들이사용할수있게합니다。,
"be used by your ",,
citizens.,,
"Forbid your citizens ",시민들이어떤물품이나건물을사용하지못하게,
"from using an item or ",합니다。,
building.,,
"Designate an item for ",,
"dumping in a dumping ",물품을투기구역에버리도록지정합니다。,
zone.,,
"Remove dumping ",투기지정을제거합니다。,
melting at any smelter.,물품을어떤제련소에서나용해하도록지정합니다。,
"Remove melting ",용해지정을제거합니다。,
"Remove hidden ",숨김지정을제거합니다。,
"Hide an item or ",시야에서물품이나건물을,
"building from your ",숨깁니다。시민들은여전히그것을사용합니다。,
"view.  Citizens will ",,
still use it.,,
"This crucial building ",이중요한건물은교역의중심지이며，,
"is where all trading ",다른문명의운반동물은지도경계에서,
"will be done.  Pack ",이건물까지접근할수있는통행경로가필요합니다。,
"animals from distant ",나중에는，마차가통과할수있도록막힘없는폭3칸의통행로가,
"civilizations will need ",필요합니다。,
"to access this building ",,
"from the edge of the ",,
"map.  Later, wagons ",,
"will need a clear ",,
"3-wide path to the ",,
depot.,,
"   * Requires wild colony or",,
"   * Existing hive","   *야생군체또는",
Gather any products,"   *기존벌통",
"   * Destroys colony",어떤생산물이든수집,
"   * Requires a jug","   *군체를파괴함",
"   * Saves colony for split","   *단지가필요함",
No outdoor access,"   *분봉을위해군체를보존",
Outdoor access,실외로통하는경로없음,
Not ready to be split,실외로통하는경로,
No available colony,아직분봉할준비가되지않음,
Colony to Install,사용가능한군체없음,
Return Colony To Install,설치를 위해 군체를 되가져오기,
New handwear,새 손 장비,
New footwear,새 발 장비,
New headwear,새 머리 장비,
New legwear,새 다리 장비,
New bodywear,새 몸통 장비,
Mat,재료,
Thoughts,생각,
Food,음식,[ALIGNMENT:CENTER]
Meat,고기,[ALIGNMENT:CENTER]
Plant,식물,[ALIGNMENT:CENTER]
Drink,술,[ALIGNMENT:CENTER]
Other,기타,[ALIGNMENT:CENTER]
Seeds,씨앗,[ALIGNMENT:CENTER]
Fish,물고기,[ALIGNMENT:CENTER]
Pop,인구,[ALIGNMENT:CENTER]
Tasks,작업,
Workers,작업자,
Work orders,작업 지시,
Add new task,새 작업 추가,
Outpost,전초기지,
Hamlet,촌락,
Village,마을,
Town,읍,
City,도시,
Metropolis,대도시,
Capital,수도,
Mountainhome,산의 고향,
Created Wealth:,창출된 부：,
Weapons:,무기：,
Furniture:,가구：,
Other Objects:,기타 물품：,
Held/Worn:,소지/착용 중：,
Displayed:,전시 중：,
Armor and Garb:,방어구 및 의복：,
Exported Wealth:,수출된 부：,
Imported Wealth:,수입된 부：,
Architecture:,건축：,
Video,비디오,
Audio,오디오,
Game,게임,
Keybindings,키 바인딩,
Announcements,알림,
Difficulty,난이도,
Windowed,창 모드,
Fullscreen,전체 화면,
Resolution:,해상도,
Detect,감지,
" Desired grid height for scaling (default = 64)",스케일링에 필요한 격자 높이（기본값=64）,
" Desired grid width for scaling (default = 170)",스케일링에 필요한 격자 너비（기본값=170）,
Scaling mode,스케일링 모드,
Done,완료,
Automatic,자동,
"Range: ","범위: ",
No,아니요,
Yes,예,
Use Classic ASCII glyphs,클래식 ASCII 글리프 사용,
Graphical FPS cap (default 50),그래픽 FPS 제한(기본 50),
Maximum interface percentage (not counting minimap/elevation),최대 인터페이스 백분율(미니맵/고도 제외),
Window is resizable (takes effect on restart),창 크기 조절 가능(재시작 후 적용),
Initial window height (if windowed),초기 창 높이(창 모드일 때),
" Interface scaling percentage if not fitting width",인터페이스 스케일링 백분율(너비가 맞지 않을 경우),
Initial window width (if windowed),초기 창 너비(창 모드일 때),
Nearest-neighbor,최근접 보간,
Lanczos,Lanczos 보간,
Prepare carefully embark confirmation,Prepare Carefully 개척 확인,
Autosave frequency,자동 저장 주기,
Confirmation window for all embarks,모든 개척에 확인 창 표시,
Show tunnels on world map,세계 지도에 터널 표시,
Autosave the game after embark,개척 후 게임 자동 저장,
Portable mode,포터블 모드,
Pause after every autosave,자동 저장 후 일시정지,
Pause after loading,로딩 후 일시정지,
Enable temperature,온도 활성화,
In site finder,거점 찾기에서,
Enable weather,날씨 활성화,
Enable artifact moods,유물 제작 광기 활성화,
Enable caveins,붕괴 활성화,
Enable testing arena (on next title),테스트 아레나 활성화(다음 타이틀에서 적용),
Walking spreads spatter (fort mode),이동 시 오염물 확산(요새 모드),
Walking spreads spatter (adv mode),이동 시 오염물 확산(모험 모드),
Keyboard cursor enabled,키보드 커서 활성화,
Never,안 함,
Always,항상,
Log world generation map rejects,세계 생성 지도 거부 항목 기록,
Enable multithreading,멀티스레딩 활성화,
Default embark width,기본 개척 지도 너비,
Default high traffic path cost,기본 높은 통행 우선순위 경로 비용,
Default embark height,기본 개척 지도 높이,
Default normal traffic path cost,기본 일반 통행 우선순위 경로 비용,
Default low traffic path cost,기본 낮은 통행 우선순위 경로 비용,
Default restricted traffic path cost,기본 제한 통행 우선순위 경로 비용,
Storage path decrease (# of contained item cap),저장 경로 감소(포함 아이템 수 상한),
Storage path decrease (seed bag combine),저장 경로 감소(씨앗 주머니 합치기),
Storage path decrease (barrel combine),저장 경로 감소(통 합치기),
Storage path decrease (bucket combine),저장 경로 감소(양동이 합치기),
Storage path decrease (bin combine),저장 경로 감소(상자 합치기),
Population cap,인구 상한,
Strict population cap (includes births),엄격한 인구 상한(출생 포함),
Baby+child cap,아기+어린이 인구 상한,
Baby+child cap (percentage of total),아기+어린이 인구 상한（요새 인구 백분율）,
Visitor cap,방문객 상한,
Cull dead units at,사망 유닛 수가……에 도달하면 정리 시작,
Seed cap (per species),씨앗 상한（작물 종류별）,
Total seed cap,씨앗 상한（총합）,
Engravings start obscured,각인 초기에는 가려진 상태,
Show improvement quality in item names,물품 이름에 품질 표시,
Show numeric liquid levels,액체 수위 표시,
Show up/down arrows on ramps at current elevation,경사로에 현재 높이층 위/아래 화살표 표시,
Number of lower elevation layers to show,표시할 아래쪽 높이층 수,
Show all historical events in engravings etc.,각인 등에서 모든 역사적 사건 표시,
Nickname position (fort mode),별명 위치（요새 모드）,
Replace first,첫 번째만 교체,
Nickname position (adv mode),별명 위치（모험 모드）,
Nickname position (legends mode),별명 위치（전설 모드）,
Grazing coefficient (higher = less grass),방목 계수（값이 높을수록＝풀 소비가 적음）,
Replace all,모두 교체,
Centralize,중앙 정렬,
Show frames-per-second,FPS 표시,
Game frames-per-second cap (default 100),게임 FPS 상한（기본 100）,
Milliseconds for each key repeat,키 반복 1회당 밀리초,
Key hold milliseconds before repeat,반복 시작 전 키를 누르고 있을 밀리초,
Number of key repeats before accelerating,가속 전 키 반복 횟수,
Maximum key repeat acceleration multiplier,키 반복 가속 최대 배수,
Disabled,비활성화,
Enable,활성화,
Milliseconds interface shutdown after recenter,재중앙화 후 인터페이스 자동 종료까지의 밀리초,
Milliseconds between macro instructions,매크로 명령 간 밀리초 간격,
Compressed saves (recommended!),압축 저장（추천！）,
Maximum embark dimension,최대 시작 지역 크기,
Display worn clothing dyes (fort mode),착용 중인 의복 염색 표시（요새 모드）,
Display worn clothing dyes (adv mode),착용 중인 의복 염색 표시（모험 모드）,
Classic varied ground tiles,클래식 스타일의 다양한 지면 타일,
Show rectangle dimensions,사각형 치수 표시,
Horizontal keyboard scroll tiles,수평 키보드 스크롤 칸 수,
Horizontal keyboard scroll tiles (fast),수평 키보드 스크롤 칸 수（빠름）,
Vertical keyboard scroll tiles,수직 키보드 스크롤 칸 수,
Vertical keyboard scroll tiles,수직 키보드 스크롤 칸 수,
Vertical keyboard scroll tiles (fast),수직 키보드 스크롤 칸 수（빠름）,
Horizontal keyboard scroll tiles (world),세계 지도 수평 키보드 스크롤 칸 수,
"Horizontal keyboard scroll tiles (world, fast)",세계 지도 수평 키보드 스크롤 칸 수（빠름）,
Vertical keyboard scroll tiles (world),세계 지도 수직 키보드 스크롤 칸 수,
"Vertical keyboard scroll tiles (world, fast)",세계 지도 수직 키보드 스크롤 칸 수（빠름）,
Enter,Enter,
Select,선택,
Don't repeat,키 반복 안 함,
Building,건물,
Numpad Enter,숫자패드 Enter,
Macros,매크로,
Shift+Enter,Shift+Enter,
Shift+Numpad Enter,Shift+넘패드 Enter,
Leave screen,화면 닫기,
ESC,ESC,
Deselect,선택 해제,
Secondary Select,보조 선택,
Main menu,메인 메뉴,
Toggle Fullscreen,전체 화면 전환,
F11,F11,
Delayed repeat,느린 키 반복,
Leftbracket,왼쪽 대괄호,
Rightbracket,오른쪽 대괄호,
Zoom Out,축소,
Ctrl+Mwheel up,Ctrl+마우스 휠 위로,
Add,추가,
Zoom In,확대,
Ctrl+Mwheel down,Ctrl+마우스 휠 아래로,
Restore defaults,기본값 복원,
Close mega announcement,중요 공지 닫기,
Select all,전체 선택,
Alt+Minus,Alt+마이너스,
Tab,Tab,
Change tab or highlight selection,탭 전환 또는 선택 영역 강조,
Alt+Equals,Alt+등호,
Shift+Tab,Shift+Tab,
Decrease FPS limit,FPS 제한 낮추기,
"Change tab or highlight selection, secondary",탭 전환 또는 선택 영역 강조，보조 선택,
Increase FPS limit,FPS 제한 높이기,
Move selector up,선택 영역 위로 이동,
Minus,마이너스,
Page Down,페이지 내리기,
Mwheel down,마우스 휠 아래로,
Plus,플러스,
Move secondary selector up,보조 선택 영역 위로 이동,
Page secondary selector down,보조 선택 영역을 다음 페이지로 이동,
Move view/cursor down,시야/커서 아래로 이동,
Move keyboard cursor left,키보드 커서 왼쪽으로 이동,
Fast repeat,빠른 키 반복,
Mouse-context scrollbar page down,마우스로 아래로 스크롤하여 페이지 내리기,
Shift+Numpad 8,Shift+넘패드 8,
Move view/cursor down (z),시야/커서 아래로 이동 (z),
"Move keyboard cursor down, fast",키보드 커서 아래로 이동，빠르게,
"Move view/cursor down (z), aux",시야/커서 아래로 이동 (z)，보조,
"Move view/cursor down (z), fast",시야/커서 아래로 이동 (z)，빠르게,
"Move keyboard cursor left, fast",키보드 커서 왼쪽으로 이동，빠르게,
Move keyboard cursor up and left,키보드 커서 왼쪽 위로 이동,
Shift+4,Shift+4,
Numpad 3,넘패드 3,
Mouse-context scrollbar page up,마우스로 위로 스크롤하여 페이지 올리기,
Page secondary selector up,보조 선택 영역을 이전 페이지로 이동,
Asterisk,별표 키,
Shift+Left,Shift+왼쪽 화살표,
Move view/cursor left,시야/커서를 왼쪽으로 이동,
Shift+Numpad 4,Shift+숫자키패드 4,
Move secondary selector down,보조 선택기를 아래로 이동,
"Move keyboard cursor right, fast",키보드 커서를 오른쪽으로 이동，빠르게,
Shift+Right,Shift+오른쪽 화살표,
Shift+6,Shift+6,
Shift+Numpad 6,Shift+숫자키패드 6,
"Move keyboard cursor up and left, fast",키보드 커서를 왼쪽 위로 이동，빠르게,
Shift+7,Shift+7,
Mouse-context scrollbar down,페이지 마우스로 아래로 스크롤,
Move keyboard cursor down and left,키보드 커서를 왼쪽 아래로 이동,
Up,위쪽 화살표,
Shift+Mwheel down,Shift+마우스 휠 아래로,
Shift+Numpad 7,Shift+숫자키패드 7,
"Move view/cursor up (z), aux",시야/커서를 위로 이동 (z)，보조,
Page selector down,선택 영역을 아래로 페이지 넘김,
"Move keyboard cursor up and right, fast",키보드 커서를 오른쪽 위로 이동，빠르게,
"Move keyboard cursor down and left, fast",키보드 커서를 왼쪽 아래로 이동，빠르게,
Mouse-context scrollbar up,페이지 마우스로 위로 스크롤,
Slash,슬래시／,
Move view/cursor up,시야/커서를 위로 이동,
"Macro, Save",매크로，저장,
Move view/cursor right,시야/커서를 오른쪽으로 이동,
Custom:,사용자 지정:,
"Move keyboard cursor down and right, fast",키보드 커서를 오른쪽 아래로 이동，빠르게,
Move keyboard cursor right,키보드 커서를 오른쪽으로 이동,
Move keyboard cursor up,키보드 커서를 위로 이동,
"Move view/cursor up, fast",시야/커서를 위로 이동，빠르게,
Move keyboard cursor up and right,키보드 커서를 오른쪽 위로 이동,
"Macro, Load",매크로，불러오기,
"Move keyboard cursor up, fast",키보드 커서를 위로 이동，빠르게,
"Move view/cursor up (z), fast",시야/커서를 위로 이동 (z)，빠르게,
Command repeat prefix-key,명령 반복 접두 키,
Move keyboard cursor up (z),키보드 커서를 위로 이동 (z),
Move keyboard cursor down (z),키보드 커서를 아래로 이동 (z),
"Move keyboard cursor up (z), aux",키보드 커서를 위로 이동 (z)，보조,
"Move keyboard cursor down (z), aux",키보드 커서를 아래로 이동 (z)，보조,
Adventure: move view/cursor up (z),모험 모드: 시야/커서를 위로 이동 (z),
Menu Confirm,메뉴 확인,
"Macro, Play",매크로，재생,
"Adventure: move view/cursor down (z), fast",모험 모드: 시야/커서를 아래로 이동 (z)，빠르게,
Adventure: move view/cursor down (z),모험 모드: 시야/커서를 아래로 이동 (z),
"Adventure: move view/cursor up (z), fast",모험 모드: 시야/커서를 위로 이동 (z)，빠르게,
"Macro, Record",매크로，기록,
Control panel,제어판,
Quickstart guide,빠른 시작 가이드,
" (Rusty)",(서툼),
" (V Rusty)",(매우 서툼),
body.,,
